1,1,Administrator                                                                                       ,,"admin
                                                                                              "
2,2,Ben                                                                                                 ,,ben                                                                                                 
4,,kakita                                                                                              ,,kkadelavaka13                                                                                       
5,,kakita                                                                                              ,,kkadelavaka16                                                                                       
6,,karlitos                                                                                            ,,kkdelavaka20                                                                                        
7,,hk                                                                                                  ,,kkdelavaka21                                                                                        
8,,kakita                                                                                              ,,kkadelavaka26                                                                                       
9,,kakita                                                                                              ,,kkadelavaka27                                                                                       
10,,kakita                                                                                              ,,kkadelavaka28                                                                                       
11,,kk                                                                                                  ,,kkdelavaka28                                                                                        
12,,eufemiano                                                                                           ,,kkdelavaka30                                                                                        
13,,kakita                                                                                              ,,vampiro                                                                                             
14,,palotes                                                                                             ,,periko                                                                                              
15,,usuario                                                                                             ,,usuarioacceso                                                                                       
16,,abc                                                                                                 ,,petardo                                                                                             
17,,quetal                                                                                              ,,hola                                                                                                
